{"spkId":"2000001","epochSeconds":770817669,"px":6.06025217369261E10,"py":-3.808500068514067E11,"pz":-1.9197252402303558E11,"vx":16858.34329969992,"vy":2499.2663177469517,"vz":-2253.340664098331}