{"spkId":"2000433","epochSeconds":770817669,"px":-1.339311841553774E11,"py":1.013096889812518E11,"pz":3.3320734773510193E10,"vx":-19896.36394081437,"vy":-18594.44279490469,"vz":-14152.913991777601}