{"spkId":"2000002","epochSeconds":770817669,"px":-1.743537789233074E11,"py":-4.0090562581008887E11,"pz":9.253048223245691E10,"vx":13423.03461189433,"vy":-9626.866369873718,"vz":950.3701748285309}