{"spkId":"2000010","epochSeconds":770817669,"px":4.9547343838661273E11,"py":4.985801725885434E10,"pz":5.797731709232545E10,"vx":-788.1519540624598,"vy":14323.815038062721,"vz":6414.972631997882}