{"spkId":"2000004","epochSeconds":770817669,"px":-2.289701997345456E11,"py":2.58842189046405E11,"pz":1.3320935754232579E11,"vx":-13433.942345112071,"vy":-12272.217977723789,"vz":-3132.9405328016587}