{"spkId":"2099942","epochSeconds":770817669,"px":4.441562113646832E10,"py":1.219205722858038E11,"pz":4.6423256923291306E10,"vx":-26931.048304716947,"vy":14698.73252366384,"vz":4783.08580109095}