{"spkId":"2101955","epochSeconds":770817669,"px":-5.9014495445368256E10,"py":-1.6883057433890833E11,"pz":-9.515127888777583E10,"vx":21997.79638795192,"vy":-5355.418947215835,"vz":-3118.0466742996173}