{"spkId":"2162173","epochSeconds":770817669,"px":1.446114918589745E11,"py":-1.392636166499567E11,"pz":-3.9879784434395386E10,"vx":14336.30027085023,"vy":16747.86456975462,"vz":8114.078908993829}