{"spkId":"401","epochSeconds":770817669,"px":2.061232914210289E11,"py":-1.8936431397014748E10,"pz":-1.42454389277787E10,"vx":5354.335741814817,"vy":23376.97317630742,"vz":9670.164187364226}