{"spkId":"402","epochSeconds":770817669,"px":2.061202016005376E11,"py":-1.894920699933216E10,"pz":-1.425080411907395E10,"vx":4786.088967633546,"vy":23667.85264632472,"vz":10162.14009347535}