{"spkId":"501","epochSeconds":770817669,"px":3.813378953088813E11,"py":5.979514548170375E11,"pz":2.470194451218738E11,"vx":-1462.0617326267632,"vy":19378.495180308248,"vz":9351.265376396912}