{"spkId":"502","epochSeconds":770817669,"px":3.814005275638692E11,"py":5.976780108951666E11,"pz":2.468948414304581E11,"vx":-578.3404215271627,"vy":13906.33604202322,"vz":6837.200567991159}