{"spkId":"503","epochSeconds":770817669,"px":3.800491080724697E11,"py":5.977179313242274E11,"pz":2.468863187578811E11,"vx":-6250.916994219202,"vy":-2085.250947444697,"vz":-975.6990279693002}