{"spkId":"504","epochSeconds":770817669,"px":3.8146996902769867E11,"py":5.965211515492699E11,"pz":2.4634797660877698E11,"vx":-3495.81658409208,"vy":8452.753806925512,"vz":4098.871857013028}