{"spkId":"601","epochSeconds":770817669,"px":1.382847420027376E12,"py":-3.788395699063919E11,"pz":-2.16103050257447E11,"vx":-11785.02278035517,"vy":8267.360449906508,"vz":4834.900469427483}