{"spkId":"602","epochSeconds":770817669,"px":1.383018230386904E12,"py":-3.7919421479759375E11,"pz":-2.1609627729873062E11,"vx":11111.45555963957,"vy":17490.22657142395,"vz":2017.0455802756421}