{"spkId":"603","epochSeconds":770817669,"px":1.382861788532291E12,"py":-3.793201888019883E11,"pz":-2.160760731554694E11,"vx":13626.28534873492,"vy":8978.947977538246,"vz":2232.8508723151003}