{"spkId":"604","epochSeconds":770817669,"px":1.382487344010965E12,"py":-3.791315237181703E11,"pz":-2.1605516007474152E11,"vx":5184.955630766325,"vy":-1036.667517034851,"vz":3886.3561683197418}