{"spkId":"605","epochSeconds":770817669,"px":1.382459503933922E12,"py":-3.7867030581126514E11,"pz":-2.160895839234557E11,"vx":-3337.7164181050052,"vy":2325.8550330704543,"vz":4367.291842554704}