{"spkId":"606","epochSeconds":770817669,"px":1.383718994410831E12,"py":-3.7983938935644653E11,"pz":-2.161166353287425E11,"vx":6156.071923722423,"vy":12759.34999296575,"vz":2808.280418186905}