{"spkId":"608","epochSeconds":770817669,"px":1.385934275790127E12,"py":-3.774938287009736E11,"pz":-2.16427617343673E11,"vx":989.8001430399366,"vy":11506.55523567564,"vz":4245.112662264571}