{"spkId":"701","epochSeconds":770817669,"px":1.762486104471625E12,"py":2.153460820729415E12,"pz":9.184080840115278E11,"vx":-384.8469918415945,"vy":2830.833394224936,"vz":-358.6196154149163}