{"spkId":"702","epochSeconds":770817669,"px":1.7626836065281838E12,"py":2.1534547329386548E12,"pz":9.182713345590101E11,"vx":-4606.612121607236,"vy":4481.156547500748,"vz":-2871.154695775634}