{"spkId":"703","epochSeconds":770817669,"px":1.762840567832591E12,"py":2.1534647641370283E12,"pz":9.181064170213923E11,"vx":-6409.532977350387,"vy":4572.55563366268,"vz":-1759.911265357369}