{"spkId":"704","epochSeconds":770817669,"px":1.762826355541433E12,"py":2.1535491944050542E12,"pz":9.178116243840906E11,"vx":-7703.8529346577825,"vy":4483.499730657943,"vz":-418.6553891832624}