{"spkId":"705","epochSeconds":770817669,"px":1.762513208984232E12,"py":2.153519191577765E12,"pz":9.181381708224222E11,"vx":-10254.84245354708,"vy":5603.811349153603,"vz":-2569.27858363323}