{"spkId":"801","epochSeconds":770817669,"px":4.46755908620005E12,"py":-1.386832252079719E11,"pz":-1.6769501493526102E11,"vx":3834.0163480093242,"vy":7514.085981722309,"vz":2082.463646698155}