{"spkId":"802","epochSeconds":770817669,"px":4.471349400136556E12,"py":-1.314017056774818E11,"pz":-1.639799675865338E11,"vx":-127.12916526019899,"vy":5413.162018532868,"vz":2227.290884884165}