{"spkId":"901","epochSeconds":770817669,"px":2.639864528552042E12,"py":-4.033875052751343E12,"pz":-2.053888709731488E12,"vx":4738.655973770398,"vy":1945.781127126617,"vz":-962.3479856821884}